{"owner age": {"55": {"num": 320, "accuracy": 0.290625}, "45": {"num": 295, "accuracy": 0.2271186440677966}, "35": {"num": 266, "accuracy": 0.22556390977443608}, "65": {"num": 210, "accuracy": 0.16666666666666666}, "25": {"num": 141, "accuracy": 0.2127659574468085}, "75": {"num": 148, "accuracy": 0.10135135135135136}, "85": {"num": 38, "accuracy": 0.10526315789473684}, "15": {"num": 11, "accuracy": 0}}, "owner sex": {"w": {"num": 1011, "accuracy": 0.7675568743818002}, "m": {"num": 420, "accuracy": 0.3476190476190476}}, "district": {"d11": {"num": 248, "accuracy": 0.23387096774193547}, "d7": {"num": 211, "accuracy": 0.2843601895734597}, "d9": {"num": 164, "accuracy": 0.08536585365853659}, "d10": {"num": 126, "accuracy": 0.0873015873015873}, "d2": {"num": 130, "accuracy": 0.08461538461538462}, "d3": {"num": 132, "accuracy": 0.06818181818181818}, "d12": {"num": 100, "accuracy": 0.08}, "d6": {"num": 99, "accuracy": 0.10101010101010101}, "d8": {"num": 78, "accuracy": 0.02564102564102564}, "d4": {"num": 80, "accuracy": 0.05}, "d5": {"num": 39, "accuracy": 0.07692307692307693}, "d1": {"num": 24, "accuracy": 0}}, "quartier": {"d92": {"num": 108, "accuracy": 0.06481481481481481}, "d101": {"num": 92, "accuracy": 0.06521739130434782}, "d111": {"num": 88, "accuracy": 0.09090909090909091}, "d119": {"num": 95, "accuracy": 0.06315789473684211}, "d74": {"num": 80, "accuracy": 0.1625}, "d115": {"num": 65, "accuracy": 0}, "d91": {"num": 56, "accuracy": 0.017857142857142856}, "d21": {"num": 68, "accuracy": 0.029411764705882353}, "d61": {"num": 53, "accuracy": 0.03773584905660377}, "d72": {"num": 54, "accuracy": 0.14814814814814814}, "d31": {"num": 53, "accuracy": 0.03773584905660377}, "d63": {"num": 45, "accuracy": 0.06666666666666667}, "d71": {"num": 41, "accuracy": 0.12195121951219512}, "d34": {"num": 43, "accuracy": 0.023255813953488372}, "d122": {"num": 47, "accuracy": 0.0425531914893617}, "d24": {"num": 43, "accuracy": 0.023255813953488372}, "d102": {"num": 34, "accuracy": 0.029411764705882353}, "d123": {"num": 33, "accuracy": 0.06060606060606061}, "d42": {"num": 36, "accuracy": 0}, "d73": {"num": 36, "accuracy": 0.1111111111111111}, "d33": {"num": 36, "accuracy": 0.027777777777777776}, "d44": {"num": 33, "accuracy": 0}, "d83": {"num": 25, "accuracy": 0}, "d82": {"num": 34, "accuracy": 0}, "d23": {"num": 19, "accuracy": 0.05263157894736842}, "d52": {"num": 23, "accuracy": 0.043478260869565216}, "d81": {"num": 19, "accuracy": 0}, "d121": {"num": 20, "accuracy": 0.05}, "d51": {"num": 16, "accuracy": 0}, "d11": {"num": 14, "accuracy": 0}, "d41": {"num": 11, "accuracy": 0.09090909090909091}, "d13": {"num": 7, "accuracy": 0}}, "breed": {"Mischling klein": {"num": 124, "accuracy": 0.13709677419354838}, "Chihuahua": {"num": 89, "accuracy": 0.15730337078651685}, "Labrador Retriever": {"num": 87, "accuracy": 0.13793103448275862}, "Yorkshire Terrier": {"num": 51, "accuracy": 0.5098039215686274}, "Jack Russel Terrier": {"num": 53, "accuracy": 0.1320754716981132}, "Franz\u00f6sische Bulldogge": {"num": 38, "accuracy": 0.2894736842105263}, "Mischling gross": {"num": 36, "accuracy": 0.05555555555555555}, "Malteser": {"num": 33, "accuracy": 0.36363636363636365}, "Mops": {"num": 35, "accuracy": 0.4857142857142857}, "Golden Retriever": {"num": 29, "accuracy": 0.5517241379310345}, "Pudel": {"num": 24, "accuracy": 0.08333333333333333}, "Bolonka Zwetna": {"num": 23, "accuracy": 0.043478260869565216}, "Border Collie": {"num": 23, "accuracy": 0.08695652173913043}, "Beagle": {"num": 16, "accuracy": 0.125}, "West Highland White Terrier": {"num": 27, "accuracy": 0.2222222222222222}, "Zwergspitz": {"num": 22, "accuracy": 0.2727272727272727}, "Pinscher": {"num": 23, "accuracy": 0.08695652173913043}, "Sch\u00e4fer": {"num": 21, "accuracy": 0}, "Pekingese": {"num": 14, "accuracy": 0}, "Shih Tzu": {"num": 14, "accuracy": 0}, "Zwergpudel": {"num": 11, "accuracy": 0.18181818181818182}, "Berner Sennenhund": {"num": 13, "accuracy": 0}, "Cocker Spaniel": {"num": 7, "accuracy": 0}, "Deutscher Sch\u00e4fer": {"num": 15, "accuracy": 0.13333333333333333}, "Dachshund": {"num": 11, "accuracy": 0.5454545454545454}, "Zwergpinscher": {"num": 16, "accuracy": 0}, "Terrier": {"num": 11, "accuracy": 0}, "Havaneser": {"num": 13, "accuracy": 0}, "Dackel": {"num": 10, "accuracy": 0.1}, "Parson Russell Terrier": {"num": 10, "accuracy": 0.1}, "Lagotto Romagnolo": {"num": 10, "accuracy": 0}, "Appenzeller": {"num": 9, "accuracy": 0}, "Podenco": {"num": 6, "accuracy": 0}, "Flat Coated Retriever": {"num": 7, "accuracy": 0.14285714285714285}, "Cairn Terrier": {"num": 11, "accuracy": 0.09090909090909091}, "Papillon": {"num": 5, "accuracy": 0}, "Tibet Terrier": {"num": 11, "accuracy": 0}, "Boxer": {"num": 11, "accuracy": 0.18181818181818182}, "Australian Shepherd": {"num": 9, "accuracy": 0.2222222222222222}, "Parson Jack Russell Terrier": {"num": 9, "accuracy": 0.1111111111111111}, "Rauhaar Dackel": {"num": 9, "accuracy": 0.4444444444444444}, "Bergamasker": {"num": 8, "accuracy": 0}, "Spitz": {"num": 9, "accuracy": 0}, "Rhodesian Ridgeback": {"num": 8, "accuracy": 0}, "Zwergschnauzer": {"num": 5, "accuracy": 0}, "Foxterrier": {"num": 5, "accuracy": 0}, "Continental Bulldog": {"num": 5, "accuracy": 0}}, "dog age": {"5": {"num": 123, "accuracy": 0.12195121951219512}, "3": {"num": 121, "accuracy": 0.09090909090909091}, "7": {"num": 112, "accuracy": 0.05357142857142857}, "4": {"num": 120, "accuracy": 0.09166666666666666}, "8": {"num": 104, "accuracy": 0.1346153846153846}, "2": {"num": 119, "accuracy": 0.1092436974789916}, "6": {"num": 108, "accuracy": 0.1388888888888889}, "1": {"num": 101, "accuracy": 0.10891089108910891}, "9": {"num": 104, "accuracy": 0.11538461538461539}, "10": {"num": 87, "accuracy": 0.09195402298850575}, "11": {"num": 72, "accuracy": 0.08333333333333333}, "12": {"num": 72, "accuracy": 0.06944444444444445}, "13": {"num": 80, "accuracy": 0.075}, "14": {"num": 52, "accuracy": 0.038461538461538464}, "15": {"num": 27, "accuracy": 0.037037037037037035}, "16": {"num": 16, "accuracy": 0.0625}, "17": {"num": 8, "accuracy": 0}}, "dog sex": {"w": {"num": 723, "accuracy": 0.5325034578146611}, "m": {"num": 708, "accuracy": 0.4774011299435028}}, "fur": {"schwarz": {"num": 147, "accuracy": 0.3129251700680272}, "tricolor": {"num": 137, "accuracy": 0.46715328467153283}, "weiss": {"num": 116, "accuracy": 0.603448275862069}, "braun": {"num": 96, "accuracy": 0.21875}, "schwarz/weiss": {"num": 85, "accuracy": 0.15294117647058825}, "schwarz/braun": {"num": 84, "accuracy": 0.2619047619047619}, "beige": {"num": 82, "accuracy": 0.2073170731707317}, "braun/weiss": {"num": 49, "accuracy": 0.061224489795918366}, "weiss/braun": {"num": 41, "accuracy": 0.12195121951219512}, "black/tan": {"num": 26, "accuracy": 0.3076923076923077}, "rot": {"num": 42, "accuracy": 0.3333333333333333}, "hellbraun": {"num": 18, "accuracy": 0}, "braun/schwarz": {"num": 33, "accuracy": 0.06060606060606061}, "weiss/schwarz": {"num": 29, "accuracy": 0.13793103448275862}, "golden": {"num": 21, "accuracy": 0.38095238095238093}, "blondfarben": {"num": 18, "accuracy": 0}, "gestromt": {"num": 19, "accuracy": 0.21052631578947367}, "schwarz/braun/weiss": {"num": 14, "accuracy": 0.14285714285714285}, "grau": {"num": 14, "accuracy": 0.21428571428571427}, "creme": {"num": 16, "accuracy": 0.125}, "rot/weiss": {"num": 17, "accuracy": 0.29411764705882354}, "weiss/beige": {"num": 17, "accuracy": 0}, "gelb": {"num": 14, "accuracy": 0.14285714285714285}, "blue/tan": {"num": 12, "accuracy": 0.3333333333333333}, "beige/schwarz": {"num": 12, "accuracy": 0}, "beige/weiss": {"num": 10, "accuracy": 0}, "saufarben": {"num": 9, "accuracy": 0.6666666666666666}, "apricot": {"num": 10, "accuracy": 0}, "schwarz/rot": {"num": 10, "accuracy": 0.1}, "schwarz/grau": {"num": 5, "accuracy": 0}, "schwarz/weiss/braun": {"num": 8, "accuracy": 0}, "schwarz/beige": {"num": 9, "accuracy": 0}, "rot/braun": {"num": 9, "accuracy": 0}, "orange": {"num": 9, "accuracy": 0.2222222222222222},