{"owner age": {"55": {"num": 300, "accuracy": 0.29333333333333333, "raccuracy": 0.20666666666666667}, "45": {"num": 304, "accuracy": 0.20065789473684212, "raccuracy": 0.20723684210526316}, "35": {"num": 268, "accuracy": 0.25, "raccuracy": 0.20149253731343283}, "65": {"num": 205, "accuracy": 0.13658536585365855, "raccuracy": 0.15121951219512195}, "25": {"num": 161, "accuracy": 0.18633540372670807, "raccuracy": 0.11180124223602485}, "75": {"num": 137, "accuracy": 0.08029197080291971, "raccuracy": 0.072992700729927}, "85": {"num": 37, "accuracy": 0.05405405405405406, "raccuracy": 0}, "15": {"num": 16, "accuracy": 0, "raccuracy": 0}}, "owner sex": {"w": {"num": 1007, "accuracy": 0.7457795431976166, "raccuracy": 0.6752730883813307}, "m": {"num": 424, "accuracy": 0.3018867924528302, "raccuracy": 0.3231132075471698}}, "district": {"d11": {"num": 247, "accuracy": 0.21862348178137653, "raccuracy": 0.1700404858299595}, "d7": {"num": 202, "accuracy": 0.21782178217821782, "raccuracy": 0.13366336633663367}, "d9": {"num": 162, "accuracy": 0.12962962962962962, "raccuracy": 0.12345679012345678}, "d10": {"num": 137, "accuracy": 0.08759124087591241, "raccuracy": 0.08029197080291971}, "d2": {"num": 115, "accuracy": 0.10434782608695652, "raccuracy": 0.09565217391304348}, "d3": {"num": 131, "accuracy": 0.03816793893129771, "raccuracy": 0.0916030534351145}, "d12": {"num": 106, "accuracy": 0.07547169811320754, "raccuracy": 0.05660377358490566}, "d6": {"num": 110, "accuracy": 0.07272727272727272, "raccuracy": 0.07272727272727272}, "d8": {"num": 74, "accuracy": 0.14864864864864866, "raccuracy": 0.08108108108108109}, "d4": {"num": 71, "accuracy": 0.07042253521126761, "raccuracy": 0.056338028169014086}, "d5": {"num": 54, "accuracy": 0.037037037037037035, "raccuracy": 0.037037037037037035}, "d1": {"num": 22, "accuracy": 0.045454545454545456, "raccuracy": 0}}, "quartier": {"d92": {"num": 107, "accuracy": 0.08411214953271028, "raccuracy": 0.06542056074766354}, "d101": {"num": 95, "accuracy": 0.10526315789473684, "raccuracy": 0.05263157894736842}, "d111": {"num": 86, "accuracy": 0.06976744186046512, "raccuracy": 0.06976744186046512}, "d119": {"num": 90, "accuracy": 0.044444444444444446, "raccuracy": 0.08888888888888889}, "d74": {"num": 70, "accuracy": 0.07142857142857142, "raccuracy": 0.014285714285714285}, "d115": {"num": 71, "accuracy": 0.04225352112676056, "raccuracy": 0.04225352112676056}, "d91": {"num": 55, "accuracy": 0.03636363636363636, "raccuracy": 0}, "d21": {"num": 53, "accuracy": 0.03773584905660377, "raccuracy": 0.05660377358490566}, "d61": {"num": 59, "accuracy": 0.05084745762711865, "raccuracy": 0.06779661016949153}, "d72": {"num": 60, "accuracy": 0.08333333333333333, "raccuracy": 0.03333333333333333}, "d31": {"num": 45, "accuracy": 0.022222222222222223, "raccuracy": 0.044444444444444446}, "d63": {"num": 50, "accuracy": 0.04, "raccuracy": 0.02}, "d71": {"num": 43, "accuracy": 0.06976744186046512, "raccuracy": 0.023255813953488372}, "d34": {"num": 54, "accuracy": 0.018518518518518517, "raccuracy": 0.018518518518518517}, "d122": {"num": 53, "accuracy": 0.11320754716981132, "raccuracy": 0.018867924528301886}, "d24": {"num": 35, "accuracy": 0.08571428571428572, "raccuracy": 0}, "d102": {"num": 42, "accuracy": 0.047619047619047616, "raccuracy": 0}, "d123": {"num": 39, "accuracy": 0, "raccuracy": 0.02564102564102564}, "d42": {"num": 33, "accuracy": 0.030303030303030304, "raccuracy": 0}, "d73": {"num": 29, "accuracy": 0.06896551724137931, "raccuracy": 0.034482758620689655}, "d33": {"num": 32, "accuracy": 0, "raccuracy": 0}, "d44": {"num": 30, "accuracy": 0.03333333333333333, "raccuracy": 0}, "d83": {"num": 22, "accuracy": 0.13636363636363635, "raccuracy": 0.045454545454545456}, "d82": {"num": 31, "accuracy": 0.06451612903225806, "raccuracy": 0.03225806451612903}, "d23": {"num": 27, "accuracy": 0, "raccuracy": 0}, "d52": {"num": 25, "accuracy": 0, "raccuracy": 0.04}, "d81": {"num": 21, "accuracy": 0.09523809523809523, "raccuracy": 0}, "d121": {"num": 14, "accuracy": 0, "raccuracy": 0}, "d51": {"num": 29, "accuracy": 0, "raccuracy": 0.034482758620689655}, "d11": {"num": 12, "accuracy": 0, "raccuracy": 0}, "d41": {"num": 8, "accuracy": 0.125, "raccuracy": 0}, "d13": {"num": 7, "accuracy": 0.14285714285714285, "raccuracy": 0}}, "breed": {"Mischling klein": {"num": 135, "accuracy": 0.14814814814814814, "raccuracy": 0.08148148148148149}, "Chihuahua": {"num": 120, "accuracy": 0.125, "raccuracy": 0.025}, "Labrador Retriever": {"num": 105, "accuracy": 0.2, "raccuracy": 0.0380952380952381}, "Yorkshire Terrier": {"num": 62, "accuracy": 0.3870967741935484, "raccuracy": 0.08064516129032258}, "Jack Russel Terrier": {"num": 51, "accuracy": 0.058823529411764705, "raccuracy": 0.0784313725490196}, "Franz\u00f6sische Bulldogge": {"num": 45, "accuracy": 0.28888888888888886, "raccuracy": 0.022222222222222223}, "Mischling gross": {"num": 27, "accuracy": 0, "raccuracy": 0}, "Malteser": {"num": 40, "accuracy": 0.35, "raccuracy": 0}, "Mops": {"num": 41, "accuracy": 0.2926829268292683, "raccuracy": 0}, "Golden Retriever": {"num": 35, "accuracy": 0.34285714285714286, "raccuracy": 0}, "Bolonka Zwetna": {"num": 24, "accuracy": 0.08333333333333333, "raccuracy": 0}, "Pudel": {"num": 13, "accuracy": 0.07692307692307693, "raccuracy": 0}, "Border Collie": {"num": 18, "accuracy": 0.05555555555555555, "raccuracy": 0.05555555555555555}, "Beagle": {"num": 20, "accuracy": 0.1, "raccuracy": 0}, "West Highland White Terrier": {"num": 25, "accuracy": 0.12, "raccuracy": 0}, "Zwergspitz": {"num": 20, "accuracy": 0.3, "raccuracy": 0}, "Pinscher": {"num": 23, "accuracy": 0.08695652173913043, "raccuracy": 0}, "Sch\u00e4fer": {"num": 17, "accuracy": 0, "raccuracy": 0}, "Pekingese": {"num": 14, "accuracy": 0.07142857142857142, "raccuracy": 0}, "Shih Tzu": {"num": 10, "accuracy": 0.1, "raccuracy": 0}, "Zwergpudel": {"num": 21, "accuracy": 0.09523809523809523, "raccuracy": 0}, "Berner Sennenhund": {"num": 11, "accuracy": 0, "raccuracy": 0}, "Cocker Spaniel": {"num": 14, "accuracy": 0, "raccuracy": 0.07142857142857142}, "Deutscher Sch\u00e4fer": {"num": 13, "accuracy": 0.07692307692307693, "raccuracy": 0.07692307692307693}, "Zwergpinscher": {"num": 13, "accuracy": 0, "raccuracy": 0}, "Dachshund": {"num": 6, "accuracy": 0.16666666666666666, "raccuracy": 0}, "Terrier": {"num": 12, "accuracy": 0.08333333333333333, "raccuracy": 0}, "Havaneser": {"num": 7, "accuracy": 0, "raccuracy": 0.14285714285714285}, "Dackel": {"num": 11, "accuracy": 0.09090909090909091, "raccuracy": 0}, "Parson Russell Terrier": {"num": 10, "accuracy": 0, "raccuracy": 0}, "Lagotto Romagnolo": {"num": 11, "accuracy": 0.09090909090909091, "raccuracy": 0.09090909090909091}, "Appenzeller": {"num": 10, "accuracy": 0, "raccuracy": 0}, "Podenco": {"num": 9, "accuracy": 0.1111111111111111, "raccuracy": 0}, "Flat Coated Retriever": {"num": 10, "accuracy": 0.1, "raccuracy": 0}, "Cairn Terrier": {"num": 9, "accuracy": 0, "raccuracy": 0}, "Papillon": {"num": 9, "accuracy": 0, "raccuracy": 0}, "Tibet Terrier": {"num": 9, "accuracy": 0, "raccuracy": 0}, "Boxer": {"num": 9, "accuracy": 0.1111111111111111, "raccuracy": 0}, "Australian Shepherd": {"num": 6, "accuracy": 0, "raccuracy": 0}, "Rauhaar Dackel": {"num": 9, "accuracy": 0.5555555555555556, "raccuracy": 0}, "Parson Jack Russell Terrier": {"num": 7, "accuracy": 0, "raccuracy": 0}, "Bergamasker": {"num": 12, "accuracy": 0, "raccuracy": 0}, "Spitz": {"num": 8, "accuracy": 0, "raccuracy": 0}, "Rhodesian Ridgeback": {"num": 8, "accuracy": 0.375, "raccuracy": 0}, "Zwergschnauzer": {"num": 9, "accuracy": 0.3333333333333333, "raccuracy": 0}, "Foxterrier": {"num": 10, "accuracy": 0, "raccuracy": 0}, "Continental Bulldog": {"num": 5, "accuracy": 0, "raccuracy": 0}, "Collie": {"num": 6, "accuracy": 0, "raccuracy": 0}, "Border Terrier": {"num": 5, "accuracy": 0.2, "raccuracy": 0}, "Englische Bulldogge": {"num": 10, "accuracy": 0.1, "raccuracy": 0}, "English Cocker Spaniel": {"num": 6, "accuracy": 0.16666666666666666,