{"light": 0.4246668944311582, "triangle": 0.12318339100346021, "circle": 0.07952146375791697, "fireball": 0.1297071129707113, "other": 0.054380664652567974, "unknown": 0.06631578947368422, "sphere": 0.06762295081967214, "disk": 0.06857727737973388, "oval": 0.058646616541353384, "formation": 0.036036036036036036, "cigar": 0.04477611940298507, "changing": 0.046511627906976744, "rectangle": 0.01606425702811245, "flash": 0.01984126984126984, "cylinder": 0.0311284046692607, "diamond": 0.03827751196172249, "chevron": 0.03468208092485549, "teardrop": 0.00684931506849315, "egg": 0.027586206896551724, "cone": 0, "cross": 0}